Site,Parameter,Date (LT),Year,Month,Day,Hour,NowCast Conc.,AQI,AQI Category,Raw Conc.,Conc. Unit,Duration,QC Name
Kuwait City,PM2.5 - Principal,2020-12-01 01:00 AM,2020,12,01,01,42.4,118,Unhealthy for Sensitive Groups,48.0,UG/M3,1 Hr,Valid
Kuwait City,PM2.5 - Principal,2020-12-01 02:00 AM,2020,12,01,02,43.2,120,Unhealthy for Sensitive Groups,44.0,UG/M3,1 Hr,Valid
Kuwait City,PM2.5 - Principal,2020-12-01 03:00 AM,2020,12,01,03,48.1,132,Unhealthy for Sensitive Groups,53.0,UG/M3,1 Hr,Valid
Kuwait City,PM2.5 - Principal,2020-12-01 04:00 AM,2020,12,01,04,48.5,133,Unhealthy for Sensitive Groups,49.0,UG/M3,1 Hr,Valid
Kuwait City,PM2.5 - Principal,2020-12-01 05:00 AM,2020,12,01,05,47.2,130,Unhealthy for Sensitive Groups,46.0,UG/M3,1 Hr,Valid
Kuwait City,PM2.5 - Principal,2020-12-01 06:00 AM,2020,12,01,06,48.6,133,Unhealthy for Sensitive Groups,50.0,UG/M3,1 Hr,Valid
Kuwait City,PM2.5 - Principal,2020-12-01 07:00 AM,2020,12,01,07,50.3,137,Unhealthy for Sensitive Groups,52.0,UG/M3,1 Hr,Valid
Kuwait City,PM2.5 - Principal,2020-12-01 08:00 AM,2020,12,01,08,46.1,127,Unhealthy for Sensitive Groups,42.0,UG/M3,1 Hr,Valid
Kuwait City,PM2.5 - Principal,2020-12-01 09:00 AM,2020,12,01,09,46.0,127,Unhealthy for Sensitive Groups,46.0,UG/M3,1 Hr,Valid
Kuwait City,PM2.5 - Principal,2020-12-01 10:00 AM,2020,12,01,10,50.2,137,Unhealthy for Sensitive Groups,56.0,UG/M3,1 Hr,Valid
Kuwait City,PM2.5 - Principal,2020-12-01 11:00 AM,2020,12,01,11,49.7,136,Unhealthy for Sensitive Groups,51.0,UG/M3,1 Hr,Valid
Kuwait City,PM2.5 - Principal,2020-12-01 12:00 PM,2020,12,01,12,52.2,142,Unhealthy for Sensitive Groups,58.0,UG/M3,1 Hr,Valid
Kuwait City,PM2.5 - Principal,2020-12-01 01:00 PM,2020,12,01,13,53.3,145,Unhealthy for Sensitive Groups,56.0,UG/M3,1 Hr,Valid
Kuwait City,PM2.5 - Principal,2020-12-01 02:00 PM,2020,12,01,14,54.4,148,Unhealthy for Sensitive Groups,57.0,UG/M3,1 Hr,Valid
Kuwait City,PM2.5 - Principal,2020-12-01 03:00 PM,2020,12,01,15,57.2,152,Unhealthy,62.0,UG/M3,1 Hr,Valid
Kuwait City,PM2.5 - Principal,2020-12-01 04:00 PM,2020,12,01,16,62.8,155,Unhealthy,70.0,UG/M3,1 Hr,Valid
Kuwait City,PM2.5 - Principal,2020-12-01 05:00 PM,2020,12,01,17,60.5,154,Unhealthy,57.0,UG/M3,1 Hr,Valid
Kuwait City,PM2.5 - Principal,2020-12-01 06:00 PM,2020,12,01,18,56.7,152,Unhealthy,51.0,UG/M3,1 Hr,Valid
Kuwait City,PM2.5 - Principal,2020-12-01 07:00 PM,2020,12,01,19,54.0,147,Unhealthy for Sensitive Groups,50.0,UG/M3,1 Hr,Valid
Kuwait City,PM2.5 - Principal,2020-12-01 08:00 PM,2020,12,01,20,49.2,135,Unhealthy for Sensitive Groups,42.0,UG/M3,1 Hr,Valid
Kuwait City,PM2.5 - Principal,2020-12-01 09:00 PM,2020,12,01,21,50.3,137,Unhealthy for Sensitive Groups,52.0,UG/M3,1 Hr,Valid
Kuwait City,PM2.5 - Principal,2020-12-01 10:00 PM,2020,12,01,22,52.2,142,Unhealthy for Sensitive Groups,55.0,UG/M3,1 Hr,Valid
Kuwait City,PM2.5 - Principal,2020-12-01 11:00 PM,2020,12,01,23,53.3,145,Unhealthy for Sensitive Groups,55.0,UG/M3,1 Hr,Valid
Kuwait City,PM2.5 - Principal,2020-12-02 12:00 AM,2020,12,02,00,53.9,146,Unhealthy for Sensitive Groups,55.0,UG/M3,1 Hr,Valid
Kuwait City,PM2.5 - Principal,2020-12-02 01:00 AM,2020,12,02,01,43.6,121,Unhealthy for Sensitive Groups,33.0,UG/M3,1 Hr,Valid
Kuwait City,PM2.5 - Principal,2020-12-02 02:00 AM,2020,12,02,02,32.3,93,Moderate,21.0,UG/M3,1 Hr,Valid
Kuwait City,PM2.5 - Principal,2020-12-02 03:00 AM,2020,12,02,03,27.6,84,Moderate,23.0,UG/M3,1 Hr,Valid
Kuwait City,PM2.5 - Principal,2020-12-02 04:00 AM,2020,12,02,04,40.3,113,Unhealthy for Sensitive Groups,53.0,UG/M3,1 Hr,Valid
Kuwait City,PM2.5 - Principal,2020-12-02 05:00 AM,2020,12,02,05,36.1,102,Unhealthy for Sensitive Groups,32.0,UG/M3,1 Hr,Valid
Kuwait City,PM2.5 - Principal,2020-12-02 06:00 AM,2020,12,02,06,27.0,82,Moderate,18.0,UG/M3,1 Hr,Valid
Kuwait City,PM2.5 - Principal,2020-12-02 07:00 AM,2020,12,02,07,24.0,76,Moderate,21.0,UG/M3,1 Hr,Valid
Kuwait City,PM2.5 - Principal,2020-12-02 08:00 AM,2020,12,02,08,28.0,84,Moderate,32.0,UG/M3,1 Hr,Valid
Kuwait City,PM2.5 - Principal,2020-12-02 09:00 AM,2020,12,02,09,25.5,79,Moderate,23.0,UG/M3,1 Hr,Valid
Kuwait City,PM2.5 - Principal,2020-12-02 10:00 AM,2020,12,02,10,26.7,82,Moderate,28.0,UG/M3,1 Hr,Valid
Kuwait City,PM2.5 - Principal,2020-12-02 11:00 AM,2020,12,02,11,29.8,88,Moderate,33.0,UG/M3,1 Hr,Valid
Kuwait City,PM2.5 - Principal,2020-12-02 12:00 PM,2020,12,02,12,29.9,88,Moderate,30.0,UG/M3,1 Hr,Valid
Kuwait City,PM2.5 - Principal,2020-12-02 01:00 PM,2020,12,02,13,33.9,97,Moderate,38.0,UG/M3,1 Hr,Valid
Kuwait City,PM2.5 - Principal,2020-12-02 02:00 PM,2020,12,02,14,35.4,100,Moderate,37.0,UG/M3,1 Hr,Valid
Kuwait City,PM2.5 - Principal,2020-12-02 03:00 PM,2020,12,02,15,32.7,94,Moderate,30.0,UG/M3,1 Hr,Valid
Kuwait City,PM2.5 - Principal,2020-12-02 04:00 PM,2020,12,02,16,32.3,93,Moderate,32.0,UG/M3,1 Hr,Valid
Kuwait City,PM2.5 - Principal,2020-12-02 05:00 PM,2020,12,02,17,34.1,97,Moderate,36.0,UG/M3,1 Hr,Valid
Kuwait City,PM2.5 - Principal,2020-12-02 06:00 PM,2020,12,02,18,33.5,96,Moderate,33.0,UG/M3,1 Hr,Valid
Kuwait City,PM2.5 - Principal,2020-12-02 07:00 PM,2020,12,02,19,28.6,86,Moderate,22.0,UG/M3,1 Hr,Valid
Kuwait City,PM2.5 - Principal,2020-12-02 08:00 PM,2020,12,02,20,23.3,75,Moderate,19.0,UG/M3,1 Hr,Valid
Kuwait City,PM2.5 - Principal,2020-12-02 09:00 PM,2020,12,02,21,26.6,81,Moderate,30.0,UG/M3,1 Hr,Valid
Kuwait City,PM2.5 - Principal,2020-12-02 10:00 PM,2020,12,02,22,28.8,86,Moderate,31.0,UG/M3,1 Hr,Valid
Kuwait City,PM2.5 - Principal,2020-12-02 11:00 PM,2020,12,02,23,25.4,79,Moderate,22.0,UG/M3,1 Hr,Valid
Kuwait City,PM2.5 - Principal,2020-12-03 12:00 AM,2020,12,03,00,21.7,71,Moderate,18.0,UG/M3,1 Hr,Valid
Kuwait City,PM2.5 - Principal,2020-12-03 01:00 AM,2020,12,03,01,19.8,67,Moderate,18.0,UG/M3,1 Hr,Valid
Kuwait City,PM2.5 - Principal,2020-12-03 02:00 AM,2020,12,03,02,18.9,65,Moderate,18.0,UG/M3,1 Hr,Valid
Kuwait City,PM2.5 - Principal,2020-12-03 03:00 AM,2020,12,03,03,17.9,63,Moderate,17.0,UG/M3,1 Hr,Valid
Kuwait City,PM2.5 - Principal,2020-12-03 04:00 AM,2020,12,03,04,18.4,64,Moderate,19.0,UG/M3,1 Hr,Valid
Kuwait City,PM2.5 - Principal,2020-12-03 05:00 AM,2020,12,03,05,15.2,58,Moderate,12.0,UG/M3,1 Hr,Valid
Kuwait City,PM2.5 - Principal,2020-12-03 06:00 AM,2020,12,03,06,14.1,55,Moderate,13.0,UG/M3,1 Hr,Valid
Kuwait City,PM2.5 - Principal,2020-12-03 07:00 AM,2020,12,03,07,13.5,54,Moderate,13.0,UG/M3,1 Hr,Valid
Kuwait City,PM2.5 - Principal,2020-12-03 08:00 AM,2020,12,03,08,13.2,53,Moderate,13.0,UG/M3,1 Hr,Valid
Kuwait City,PM2.5 - Principal,2020-12-03 09:00 AM,2020,12,03,09,13.6,54,Moderate,14.0,UG/M3,1 Hr,Valid
Kuwait City,PM2.5 - Principal,2020-12-03 10:00 AM,2020,12,03,10,17.4,62,Moderate,22.0,UG/M3,1 Hr,Valid
Kuwait City,PM2.5 - Principal,2020-12-03 11:00 AM,2020,12,03,11,17.2,62,Moderate,17.0,UG/M3,1 Hr,Valid
Kuwait City,PM2.5 - Principal,2020-12-03 12:00 PM,2020,12,03,12,15.7,59,Moderate,14.0,UG/M3,1 Hr,Valid
Kuwait City,PM2.5 - Principal,2020-12-03 01:00 PM,2020,12,03,13,17.6,63,Moderate,20.0,UG/M3,1 Hr,Valid
Kuwait City,PM2.5 - Principal,2020-12-03 02:00 PM,2020,12,03,14,23.9,76,Moderate,30.0,UG/M3,1 Hr,Valid
Kuwait City,PM2.5 - Principal,2020-12-03 03:00 PM,2020,12,03,15,26.9,82,Moderate,30.0,UG/M3,1 Hr,Valid
Kuwait City,PM2.5 - Principal,2020-12-03 04:00 PM,2020,12,03,16,25.4,79,Moderate,24.0,UG/M3,1 Hr,Valid
Kuwait City,PM2.5 - Principal,2020-12-03 05:00 PM,2020,12,03,17,26.7,82,Moderate,28.0,UG/M3,1 Hr,Valid
Kuwait City,PM2.5 - Principal,2020-12-03 06:00 PM,2020,12,03,18,38.8,109,Unhealthy for Sensitive Groups,51.0,UG/M3,1 Hr,Valid
Kuwait City,PM2.5 - Principal,2020-12-03 07:00 PM,2020,12,03,19,42.4,118,Unhealthy for Sensitive Groups,46.0,UG/M3,1 Hr,Valid
Kuwait City,PM2.5 - Principal,2020-12-03 08:00 PM,2020,12,03,20,39.7,111,Unhealthy for Sensitive Groups,37.0,UG/M3,1 Hr,Valid
Kuwait City,PM2.5 - Principal,2020-12-03 09:00 PM,2020,12,03,21,32.3,93,Moderate,25.0,UG/M3,1 Hr,Valid
Kuwait City,PM2.5 - Principal,2020-12-03 10:00 PM,2020,12,03,22,30.1,89,Moderate,28.0,UG/M3,1 Hr,Valid
Kuwait City,PM2.5 - Principal,2020-12-03 11:00 PM,2020,12,03,23,23.5,75,Moderate,17.0,UG/M3,1 Hr,Valid
Kuwait City,PM2.5 - Principal,2020-12-04 12:00 AM,2020,12,04,00,16.7,61,Moderate,10.0,UG/M3,1 Hr,Valid
Kuwait City,PM2.5 - Principal,2020-12-04 01:00 AM,2020,12,04,01,16.3,60,Moderate,16.0,UG/M3,1 Hr,Valid
Kuwait City,PM2.5 - Principal,2020-12-04 02:00 AM,2020,12,04,02,17.6,63,Moderate,19.0,UG/M3,1 Hr,Valid
Kuwait City,PM2.5 - Principal,2020-12-04 03:00 AM,2020,12,04,03,19.3,66,Moderate,21.0,UG/M3,1 Hr,Valid
Kuwait City,PM2.5 - Principal,2020-12-04 04:00 AM,2020,12,04,04,22.6,73,Moderate,26.0,UG/M3,1 Hr,Valid
Kuwait City,PM2.5 - Principal,2020-12-04 05:00 AM,2020,12,04,05,29.8,88,Moderate,37.0,UG/M3,1 Hr,Valid
Kuwait City,PM2.5 - Principal,2020-12-04 06:00 AM,2020,12,04,06,31.4,92,Moderate,33.0,UG/M3,1 Hr,Valid
Kuwait City,PM2.5 - Principal,2020-12-04 07:00 AM,2020,12,04,07,29.2,87,Moderate,27.0,UG/M3,1 Hr,Valid
Kuwait City,PM2.5 - Principal,2020-12-04 08:00 AM,2020,12,04,08,29.6,88,Moderate,30.0,UG/M3,1 Hr,Valid
Kuwait City,PM2.5 - Principal,2020-12-04 09:00 AM,2020,12,04,09,28.8,86,Moderate,28.0,UG/M3,1 Hr,Valid
Kuwait City,PM2.5 - Principal,2020-12-04 10:00 AM,2020,12,04,10,24.3,77,Moderate,20.0,UG/M3,1 Hr,Valid
Kuwait City,PM2.5 - Principal,2020-12-04 11:00 AM,2020,12,04,11,24.2,76,Moderate,24.0,UG/M3,1 Hr,Valid
Kuwait City,PM2.5 - Principal,2020-12-04 12:00 PM,2020,12,04,12,24.1,76,Moderate,24.0,UG/M3,1 Hr,Valid
Kuwait City,PM2.5 - Principal,2020-12-04 01:00 PM,2020,12,04,13,26.9,82,Moderate,30.0,UG/M3,1 Hr,Valid
Kuwait City,PM2.5 - Principal,2020-12-04 02:00 PM,2020,12,04,14,28.7,86,Moderate,31.0,UG/M3,1 Hr,Valid
Kuwait City,PM2.5 - Principal,2020-12-04 03:00 PM,2020,12,04,15,29.3,87,Moderate,30.0,UG/M3,1 Hr,Valid
Kuwait City,PM2.5 - Principal,2020-12-04 04:00 PM,2020,12,04,16,31.0,91,Moderate,33.0,UG/M3,1 Hr,Valid
Kuwait City,PM2.5 - Principal,2020-12-04 05:00 PM,2020,12,04,17,33.7,96,Moderate,37.0,UG/M3,1 Hr,Valid
Kuwait City,PM2.5 - Principal,2020-12-04 06:00 PM,2020,12,04,18,39.0,110,Unhealthy for Sensitive Groups,44.0,UG/M3,1 Hr,Valid
Kuwait City,PM2.5 - Principal,2020-12-04 07:00 PM,2020,12,04,19,42.0,117,Unhealthy for Sensitive Groups,45.0,UG/M3,1 Hr,Valid
Kuwait City,PM2.5 - Principal,2020-12-04 08:00 PM,2020,12,04,20,45.0,124,Unhealthy for Sensitive Groups,48.0,UG/M3,1 Hr,Valid
Kuwait City,PM2.5 - Principal,2020-12-04 09:00 PM,2020,12,04,21,45.5,126,Unhealthy for Sensitive Groups,46.0,UG/M3,1 Hr,Valid
Kuwait City,PM2.5 - Principal,2020-12-04 10:00 PM,2020,12,04,22,48.2,132,Unhealthy for Sensitive Groups,51.0,UG/M3,1 Hr,Valid
Kuwait City,PM2.5 - Principal,2020-12-04 11:00 PM,2020,12,04,23,46.6,128,Unhealthy for Sensitive Groups,45.0,UG/M3,1 Hr,Valid
Kuwait City,PM2.5 - Principal,2020-12-05 12:00 AM,2020,12,05,00,43.7,121,Unhealthy for Sensitive Groups,40.0,UG/M3,1 Hr,Valid
Kuwait City,PM2.5 - Principal,2020-12-05 01:00 AM,2020,12,05,01,39.3,110,Unhealthy for Sensitive Groups,33.0,UG/M3,1 Hr,Valid
Kuwait City,PM2.5 - Principal,2020-12-05 02:00 AM,2020,12,05,02,38.7,109,Unhealthy for Sensitive Groups,38.0,UG/M3,1 Hr,Valid
Kuwait City,PM2.5 - Principal,2020-12-05 03:00 AM,2020,12,05,03,37.8,107,Unhealthy for Sensitive Groups,35.0,UG/M3,1 Hr,Valid
Kuwait City,PM2.5 - Principal,2020-12-05 04:00 AM,2020,12,05,04,36.4,103,Unhealthy for Sensitive Groups,34.0,UG/M3,1 Hr,Valid
Kuwait City,PM2.5 - Principal,2020-12-05 05:00 AM,2020,12,05,05,35.5,101,Unhealthy for Sensitive Groups,34.0,UG/M3,1 Hr,Valid
Kuwait City,PM2.5 - Principal,2020-12-05 06:00 AM,2020,12,05,06,36.7,104,Unhealthy for Sensitive Groups,39.0,UG/M3,1 Hr,Valid
Kuwait City,PM2.5 - Principal,2020-12-05 07:00 AM,2020,12,05,07,37.2,105,Unhealthy for Sensitive Groups,38.0,UG/M3,1 Hr,Valid
Kuwait City,PM2.5 - Principal,2020-12-05 08:00 AM,2020,12,05,08,38.5,108,Unhealthy for Sensitive Groups,41.0,UG/M3,1 Hr,Valid
Kuwait City,PM2.5 - Principal,2020-12-05 09:00 AM,2020,12,05,09,41.1,115,Unhealthy for Sensitive Groups,46.0,UG/M3,1 Hr,Valid
Kuwait City,PM2.5 - Principal,2020-12-05 10:00 AM,2020,12,05,10,45.2,125,Unhealthy for Sensitive Groups,52.0,UG/M3,1 Hr,Valid
Kuwait City,PM2.5 - Principal,2020-12-05 11:00 AM,2020,12,05,11,51.3,140,Unhealthy for Sensitive Groups,58.0,UG/M3,1 Hr,Valid
Kuwait City,PM2.5 - Principal,2020-12-05 12:00 PM,2020,12,05,12,56.7,152,Unhealthy,62.0,UG/M3,1 Hr,Valid
Kuwait City,PM2.5 - Principal,2020-12-05 01:00 PM,2020,12,05,13,57.1,152,Unhealthy,58.0,UG/M3,1 Hr,Valid
Kuwait City,PM2.5 - Principal,2020-12-05 02:00 PM,2020,12,05,14,57.0,152,Unhealthy,57.0,UG/M3,1 Hr,Valid
Kuwait City,PM2.5 - Principal,2020-12-05 03:00 PM,2020,12,05,15,57.4,152,Unhealthy,58.0,UG/M3,1 Hr,Valid
Kuwait City,PM2.5 - Principal,2020-12-05 04:00 PM,2020,12,05,16,65.3,156,Unhealthy,73.0,UG/M3,1 Hr,Valid
Kuwait City,PM2.5 - Principal,2020-12-05 05:00 PM,2020,12,05,17,71.6,159,Unhealthy,78.0,UG/M3,1 Hr,Valid
Kuwait City,PM2.5 - Principal,2020-12-05 06:00 PM,2020,12,05,18,69.3,158,Unhealthy,67.0,UG/M3,1 Hr,Valid
Kuwait City,PM2.5 - Principal,2020-12-05 07:00 PM,2020,12,05,19,70.0,158,Unhealthy,71.0,UG/M3,1 Hr,Valid
Kuwait City,PM2.5 - Principal,2020-12-05 08:00 PM,2020,12,05,20,67.3,157,Unhealthy,64.0,UG/M3,1 Hr,Valid
Kuwait City,PM2.5 - Principal,2020-12-05 09:00 PM,2020,12,05,21,64.4,156,Unhealthy,59.0,UG/M3,1 Hr,Valid
Kuwait City,PM2.5 - Principal,2020-12-05 10:00 PM,2020,12,05,22,50.5,138,Unhealthy for Sensitive Groups,38.0,UG/M3,1 Hr,Valid
Kuwait City,PM2.5 - Principal,2020-12-05 11:00 PM,2020,12,05,23,44.2,122,Unhealthy for Sensitive Groups,38.0,UG/M3,1 Hr,Valid
Kuwait City,PM2.5 - Principal,2020-12-06 12:00 AM,2020,12,06,00,36.1,102,Unhealthy for Sensitive Groups,28.0,UG/M3,1 Hr,Valid
Kuwait City,PM2.5 - Principal,2020-12-06 01:00 AM,2020,12,06,01,30.0,89,Moderate,24.0,UG/M3,1 Hr,Valid
Kuwait City,PM2.5 - Principal,2020-12-06 02:00 AM,2020,12,06,02,27.5,83,Moderate,25.0,UG/M3,1 Hr,Valid
Kuwait City,PM2.5 - Principal,2020-12-06 03:00 AM,2020,12,06,03,22.7,73,Moderate,18.0,UG/M3,1 Hr,Valid
Kuwait City,PM2.5 - Principal,2020-12-06 04:00 AM,2020,12,06,04,25.3,79,Moderate,28.0,UG/M3,1 Hr,Valid
Kuwait City,PM2.5 - Principal,2020-12-06 05:00 AM,2020,12,06,05,25.1,78,Moderate,25.0,UG/M3,1 Hr,Valid
Kuwait City,PM2.5 - Principal,2020-12-06 06:00 AM,2020,12,06,06,21.5,71,Moderate,18.0,UG/M3,1 Hr,Valid
Kuwait City,PM2.5 - Principal,2020-12-06 07:00 AM,2020,12,06,07,16.7,61,Moderate,12.0,UG/M3,1 Hr,Valid
Kuwait City,PM2.5 - Principal,2020-12-06 08:00 AM,2020,12,06,08,12.3,51,Moderate,8.0,UG/M3,1 Hr,Valid
Kuwait City,PM2.5 - Principal,2020-12-06 09:00 AM,2020,12,06,09,14.1,55,Moderate,16.0,UG/M3,1 Hr,Valid
Kuwait City,PM2.5 - Principal,2020-12-06 10:00 AM,2020,12,06,10,21.5,71,Moderate,29.0,UG/M3,1 Hr,Valid
Kuwait City,PM2.5 - Principal,2020-12-06 11:00 AM,2020,12,06,11,30.2,89,Moderate,39.0,UG/M3,1 Hr,Valid
Kuwait City,PM2.5 - Principal,2020-12-06 12:00 PM,2020,12,06,12,31.1,91,Moderate,32.0,UG/M3,1 Hr,Valid
Kuwait City,PM2.5 - Principal,2020-12-06 01:00 PM,2020,12,06,13,35.5,101,Unhealthy for Sensitive Groups,40.0,UG/M3,1 Hr,Valid
Kuwait City,PM2.5 - Principal,2020-12-06 02:00 PM,2020,12,06,14,37.2,105,Unhealthy for Sensitive Groups,39.0,UG/M3,1 Hr,Valid
Kuwait City,PM2.5 - Principal,2020-12-06 03:00 PM,2020,12,06,15,29.6,88,Moderate,22.0,UG/M3,1 Hr,Valid
Kuwait City,PM2.5 - Principal,2020-12-06 04:00 PM,2020,12,06,16,24.8,78,Moderate,20.0,UG/M3,1 Hr,Valid
Kuwait City,PM2.5 - Principal,2020-12-06 05:00 PM,2020,12,06,17,28.4,85,Moderate,32.0,UG/M3,1 Hr,Valid
Kuwait City,PM2.5 - Principal,2020-12-06 06:00 PM,2020,12,06,18,29.7,88,Moderate,31.0,UG/M3,1 Hr,Valid
Kuwait City,PM2.5 - Principal,2020-12-06 07:00 PM,2020,12,06,19,31.3,91,Moderate,33.0,UG/M3,1 Hr,Valid
Kuwait City,PM2.5 - Principal,2020-12-06 08:00 PM,2020,12,06,20,27.1,83,Moderate,23.0,UG/M3,1 Hr,Valid
Kuwait City,PM2.5 - Principal,2020-12-06 09:00 PM,2020,12,06,21,31.0,91,Moderate,35.0,UG/M3,1 Hr,Valid
Kuwait City,PM2.5 - Principal,2020-12-06 10:00 PM,2020,12,06,22,34.0,97,Moderate,37.0,UG/M3,1 Hr,Valid
Kuwait City,PM2.5 - Principal,2020-12-06 11:00 PM,2020,12,06,23,37.0,105,Unhealthy for Sensitive Groups,40.0,UG/M3,1 Hr,Valid
Kuwait City,PM2.5 - Principal,2020-12-07 12:00 AM,2020,12,07,00,37.0,105,Unhealthy for Sensitive Groups,37.0,UG/M3,1 Hr,Valid
Kuwait City,PM2.5 - Principal,2020-12-07 01:00 AM,2020,12,07,01,34.0,97,Moderate,31.0,UG/M3,1 Hr,Valid
Kuwait City,PM2.5 - Principal,2020-12-07 02:00 AM,2020,12,07,02,36.0,102,Unhealthy for Sensitive Groups,38.0,UG/M3,1 Hr,Valid
Kuwait City,PM2.5 - Principal,2020-12-07 03:00 AM,2020,12,07,03,32.5,94,Moderate,29.0,UG/M3,1 Hr,Valid
Kuwait City,PM2.5 - Principal,2020-12-07 04:00 AM,2020,12,07,04,30.4,89,Moderate,27.0,UG/M3,1 Hr,Valid
Kuwait City,PM2.5 - Principal,2020-12-07 05:00 AM,2020,12,07,05,28.9,86,Moderate,27.0,UG/M3,1 Hr,Valid
Kuwait City,PM2.5 - Principal,2020-12-07 06:00 AM,2020,12,07,06,27.6,84,Moderate,26.0,UG/M3,1 Hr,Valid
Kuwait City,PM2.5 - Principal,2020-12-07 07:00 AM,2020,12,07,07,26.1,80,Moderate,24.0,UG/M3,1 Hr,Valid
Kuwait City,PM2.5 - Principal,2020-12-07 08:00 AM,2020,12,07,08,27.4,83,Moderate,29.0,UG/M3,1 Hr,Valid
Kuwait City,PM2.5 - Principal,2020-12-07 09:00 AM,2020,12,07,09,26.4,81,Moderate,25.0,UG/M3,1 Hr,Valid
Kuwait City,PM2.5 - Principal,2020-12-07 10:00 AM,2020,12,07,10,27.4,83,Moderate,29.0,UG/M3,1 Hr,Valid
Kuwait City,PM2.5 - Principal,2020-12-07 11:00 AM,2020,12,07,11,28.0,84,Moderate,29.0,UG/M3,1 Hr,Valid
Kuwait City,PM2.5 - Principal,2020-12-07 12:00 PM,2020,12,07,12,29.1,87,Moderate,31.0,UG/M3,1 Hr,Valid
Kuwait City,PM2.5 - Principal,2020-12-07 01:00 PM,2020,12,07,13,30.5,90,Moderate,33.0,UG/M3,1 Hr,Valid
Kuwait City,PM2.5 - Principal,2020-12-07 02:00 PM,2020,12,07,14,27.8,84,Moderate,23.0,UG/M3,1 Hr,Valid
Kuwait City,PM2.5 - Principal,2020-12-07 03:00 PM,2020,12,07,15,27.3,83,Moderate,26.0,UG/M3,1 Hr,Valid
Kuwait City,PM2.5 - Principal,2020-12-07 04:00 PM,2020,12,07,16,27.8,84,Moderate,29.0,UG/M3,1 Hr,Valid
Kuwait City,PM2.5 - Principal,2020-12-07 05:00 PM,2020,12,07,17,26.6,81,Moderate,24.0,UG/M3,1 Hr,Valid
Kuwait City,PM2.5 - Principal,2020-12-07 06:00 PM,2020,12,07,18,26.1,80,Moderate,25.0,UG/M3,1 Hr,Valid
Kuwait City,PM2.5 - Principal,2020-12-07 07:00 PM,2020,12,07,19,23.5,75,Moderate,20.0,UG/M3,1 Hr,Valid
Kuwait City,PM2.5 - Principal,2020-12-07 08:00 PM,2020,12,07,20,22.1,72,Moderate,20.0,UG/M3,1 Hr,Valid
Kuwait City,PM2.5 - Principal,2020-12-07 09:00 PM,2020,12,07,21,20.6,69,Moderate,19.0,UG/M3,1 Hr,Valid
Kuwait City,PM2.5 - Principal,2020-12-07 10:00 PM,2020,12,07,22,21.2,70,Moderate,22.0,UG/M3,1 Hr,Valid
Kuwait City,PM2.5 - Principal,2020-12-07 11:00 PM,2020,12,07,23,20.2,68,Moderate,19.0,UG/M3,1 Hr,Valid
Kuwait City,PM2.5 - Principal,2020-12-08 12:00 AM,2020,12,08,00,20.1,68,Moderate,20.0,UG/M3,1 Hr,Valid
Kuwait City,PM2.5 - Principal,2020-12-08 01:00 AM,2020,12,08,01,22.3,72,Moderate,26.0,UG/M3,1 Hr,Valid
Kuwait City,PM2.5 - Principal,2020-12-08 02:00 AM,2020,12,08,02,21.8,71,Moderate,21.0,UG/M3,1 Hr,Valid
Kuwait City,PM2.5 - Principal,2020-12-08 03:00 AM,2020,12,08,03,23.6,75,Moderate,27.0,UG/M3,1 Hr,Valid
Kuwait City,PM2.5 - Principal,2020-12-08 04:00 AM,2020,12,08,04,23.5,75,Moderate,24.0,UG/M3,1 Hr,Valid
Kuwait City,PM2.5 - Principal,2020-12-08 05:00 AM,2020,12,08,05,25.0,78,Moderate,28.0,UG/M3,1 Hr,Valid
Kuwait City,PM2.5 - Principal,2020-12-08 06:00 AM,2020,12,08,06,27.0,82,Moderate,30.0,UG/M3,1 Hr,Valid
Kuwait City,PM2.5 - Principal,2020-12-08 07:00 AM,2020,12,08,07,26.3,81,Moderate,25.0,UG/M3,1 Hr,Valid
Kuwait City,PM2.5 - Principal,2020-12-08 08:00 AM,2020,12,08,08,25.8,80,Moderate,25.0,UG/M3,1 Hr,Valid
Kuwait City,PM2.5 - Principal,2020-12-08 09:00 AM,2020,12,08,09,26.6,81,Moderate,28.0,UG/M3,1 Hr,Valid
Kuwait City,PM2.5 - Principal,2020-12-08 10:00 AM,2020,12,08,10,25.3,79,Moderate,23.0,UG/M3,1 Hr,Valid
Kuwait City,PM2.5 - Principal,2020-12-08 11:00 AM,2020,12,08,11,24.5,77,Moderate,23.0,UG/M3,1 Hr,Valid
Kuwait City,PM2.5 - Principal,2020-12-08 12:00 PM,2020,12,08,12,25.4,79,Moderate,27.0,UG/M3,1 Hr,Valid
Kuwait City,PM2.5 - Principal,2020-12-08 01:00 PM,2020,12,08,13,25.6,79,Moderate,26.0,UG/M3,1 Hr,Valid
Kuwait City,PM2.5 - Principal,2020-12-08 02:00 PM,2020,12,08,14,25.9,80,Moderate,27.0,UG/M3,1 Hr,Valid
Kuwait City,PM2.5 - Principal,2020-12-08 03:00 PM,2020,12,08,15,41.6,116,Unhealthy for Sensitive Groups,57.0,UG/M3,1 Hr,Valid
Kuwait City,PM2.5 - Principal,2020-12-08 04:00 PM,2020,12,08,16,37.8,107,Unhealthy for Sensitive Groups,34.0,UG/M3,1 Hr,Valid
Kuwait City,PM2.5 - Principal,2020-12-08 05:00 PM,2020,12,08,17,32.4,94,Moderate,27.0,UG/M3,1 Hr,Valid
Kuwait City,PM2.5 - Principal,2020-12-08 06:00 PM,2020,12,08,18,22.2,72,Moderate,12.0,UG/M3,1 Hr,Valid
Kuwait City,PM2.5 - Principal,2020-12-08 07:00 PM,2020,12,08,19,19.6,67,Moderate,17.0,UG/M3,1 Hr,Valid
Kuwait City,PM2.5 - Principal,2020-12-08 08:00 PM,2020,12,08,20,16.3,60,Moderate,13.0,UG/M3,1 Hr,Valid
Kuwait City,PM2.5 - Principal,2020-12-08 09:00 PM,2020,12,08,21,16.6,60,Moderate,17.0,UG/M3,1 Hr,Valid
Kuwait City,PM2.5 - Principal,2020-12-08 10:00 PM,2020,12,08,22,19.8,67,Moderate,23.0,UG/M3,1 Hr,Valid
Kuwait City,PM2.5 - Principal,2020-12-08 11:00 PM,2020,12,08,23,19.4,66,Moderate,19.0,UG/M3,1 Hr,Valid
Kuwait City,PM2.5 - Principal,2020-12-09 12:00 AM,2020,12,09,00,18.7,65,Moderate,18.0,UG/M3,1 Hr,Valid
Kuwait City,PM2.5 - Principal,2020-12-09 01:00 AM,2020,12,09,01,20.3,68,Moderate,22.0,UG/M3,1 Hr,Valid
Kuwait City,PM2.5 - Principal,2020-12-09 02:00 AM,2020,12,09,02,24.6,77,Moderate,29.0,UG/M3,1 Hr,Valid
Kuwait City,PM2.5 - Principal,2020-12-09 03:00 AM,2020,12,09,03,31.8,92,Moderate,39.0,UG/M3,1 Hr,Valid
Kuwait City,PM2.5 - Principal,2020-12-09 04:00 AM,2020,12,09,04,34.9,99,Moderate,38.0,UG/M3,1 Hr,Valid
Kuwait City,PM2.5 - Principal,2020-12-09 05:00 AM,2020,12,09,05,39.4,111,Unhealthy for Sensitive Groups,44.0,UG/M3,1 Hr,Valid
Kuwait City,PM2.5 - Principal,2020-12-09 06:00 AM,2020,12,09,06,41.2,115,Unhealthy for Sensitive Groups,43.0,UG/M3,1 Hr,Valid
Kuwait City,PM2.5 - Principal,2020-12-09 07:00 AM,2020,12,09,07,42.6,118,Unhealthy for Sensitive Groups,44.0,UG/M3,1 Hr,Valid
Kuwait City,PM2.5 - Principal,2020-12-09 08:00 AM,2020,12,09,08,44.3,123,Unhealthy for Sensitive Groups,46.0,UG/M3,1 Hr,Valid
Kuwait City,PM2.5 - Principal,2020-12-09 09:00 AM,2020,12,09,09,41.6,116,Unhealthy for Sensitive Groups,39.0,UG/M3,1 Hr,Valid
Kuwait City,PM2.5 - Principal,2020-12-09 10:00 AM,2020,12,09,10,39.8,112,Unhealthy for Sensitive Groups,38.0,UG/M3,1 Hr,Valid
Kuwait City,PM2.5 - Principal,2020-12-09 11:00 AM,2020,12,09,11,40.9,114,Unhealthy for Sensitive Groups,42.0,UG/M3,1 Hr,Valid
Kuwait City,PM2.5 - Principal,2020-12-09 12:00 PM,2020,12,09,12,39.4,111,Unhealthy for Sensitive Groups,38.0,UG/M3,1 Hr,Valid
Kuwait City,PM2.5 - Principal,2020-12-09 01:00 PM,2020,12,09,13,42.1,117,Unhealthy for Sensitive Groups,46.0,UG/M3,1 Hr,Valid
Kuwait City,PM2.5 - Principal,2020-12-09 02:00 PM,2020,12,09,14,49.3,135,Unhealthy for Sensitive Groups,61.0,UG/M3,1 Hr,Valid
Kuwait City,PM2.5 - Principal,2020-12-09 03:00 PM,2020,12,09,15,44.6,123,Unhealthy for Sensitive Groups,37.0,UG/M3,1 Hr,Valid
Kuwait City,PM2.5 - Principal,2020-12-09 04:00 PM,2020,12,09,16,33.2,95,Moderate,22.0,UG/M3,1 Hr,Valid
Kuwait City,PM2.5 - Principal,2020-12-09 05:00 PM,2020,12,09,17,32.1,93,Moderate,31.0,UG/M3,1 Hr,Valid
Kuwait City,PM2.5 - Principal,2020-12-09 06:00 PM,2020,12,09,18,39.5,111,Unhealthy for Sensitive Groups,47.0,UG/M3,1 Hr,Valid
Kuwait City,PM2.5 - Principal,2020-12-09 07:00 PM,2020,12,09,19,45.7,126,Unhealthy for Sensitive Groups,52.0,UG/M3,1 Hr,Valid
Kuwait City,PM2.5 - Principal,2020-12-09 08:00 PM,2020,12,09,20,50.3,137,Unhealthy for Sensitive Groups,55.0,UG/M3,1 Hr,Valid
Kuwait City,PM2.5 - Principal,2020-12-09 09:00 PM,2020,12,09,21,55.1,149,Unhealthy for Sensitive Groups,60.0,UG/M3,1 Hr,Valid
Kuwait City,PM2.5 - Principal,2020-12-09 10:00 PM,2020,12,09,22,56.1,151,Unhealthy,57.0,UG/M3,1 Hr,Valid
Kuwait City,PM2.5 - Principal,2020-12-09 11:00 PM,2020,12,09,23,57.5,152,Unhealthy,59.0,UG/M3,1 Hr,Valid
Kuwait City,PM2.5 - Principal,2020-12-10 12:00 AM,2020,12,10,00,57.2,152,Unhealthy,57.0,UG/M3,1 Hr,Valid
Kuwait City,PM2.5 - Principal,2020-12-10 01:00 AM,2020,12,10,01,54.6,148,Unhealthy for Sensitive Groups,52.0,UG/M3,1 Hr,Valid
Kuwait City,PM2.5 - Principal,2020-12-10 02:00 AM,2020,12,10,02,53.3,145,Unhealthy for Sensitive Groups,52.0,UG/M3,1 Hr,Valid
Kuwait City,PM2.5 - Principal,2020-12-10 03:00 AM,2020,12,10,03,53.1,144,Unhealthy for Sensitive Groups,53.0,UG/M3,1 Hr,Valid
Kuwait City,PM2.5 - Principal,2020-12-10 04:00 AM,2020,12,10,04,67.5,157,Unhealthy,82.0,UG/M3,1 Hr,Valid
Kuwait City,PM2.5 - Principal,2020-12-10 05:00 AM,2020,12,10,05,65.7,156,Unhealthy,66.0,UG/M3,1 Hr,Valid
Kuwait City,PM2.5 - Principal,2020-12-10 06:00 AM,2020,12,10,06,63.7,155,Unhealthy,62.0,UG/M3,1 Hr,Valid
Kuwait City,PM2.5 - Principal,2020-12-10 07:00 AM,2020,12,10,07,61.6,154,Unhealthy,58.0,UG/M3,1 Hr,Valid
Kuwait City,PM2.5 - Principal,2020-12-10 08:00 AM,2020,12,10,08,61.0,154,Unhealthy,60.0,UG/M3,1 Hr,Valid
Kuwait City,PM2.5 - Principal,2020-12-10 09:00 AM,2020,12,10,09,60.6,154,Unhealthy,60.0,UG/M3,1 Hr,Valid
Kuwait City,PM2.5 - Principal,2020-12-10 10:00 AM,2020,12,10,10,60.4,154,Unhealthy,60.0,UG/M3,1 Hr,Valid
Kuwait City,PM2.5 - Principal,2020-12-10 11:00 AM,2020,12,10,11,49.0,134,Unhealthy for Sensitive Groups,38.0,UG/M3,1 Hr,Valid
Kuwait City,PM2.5 - Principal,2020-12-10 12:00 PM,2020,12,10,12,35.0,99,Moderate,21.0,UG/M3,1 Hr,Valid
Kuwait City,PM2.5 - Principal,2020-12-10 01:00 PM,2020,12,10,13,30.5,90,Moderate,26.0,UG/M3,1 Hr,Valid
Kuwait City,PM2.5 - Principal,2020-12-10 02:00 PM,2020,12,10,14,37.2,105,Unhealthy for Sensitive Groups,44.0,UG/M3,1 Hr,Valid
Kuwait City,PM2.5 - Principal,2020-12-10 03:00 PM,2020,12,10,15,48.6,133,Unhealthy for Sensitive Groups,60.0,UG/M3,1 Hr,Valid
Kuwait City,PM2.5 - Principal,2020-12-10 04:00 PM,2020,12,10,16,48.3,133,Unhealthy for Sensitive Groups,48.0,UG/M3,1 Hr,Valid
Kuwait City,PM2.5 - Principal,2020-12-10 05:00 PM,2020,12,10,17,51.1,139,Unhealthy for Sensitive Groups,54.0,UG/M3,1 Hr,Valid
Kuwait City,PM2.5 - Principal,2020-12-10 06:00 PM,2020,12,10,18,51.5,140,Unhealthy for Sensitive Groups,52.0,UG/M3,1 Hr,Valid
Kuwait City,PM2.5 - Principal,2020-12-10 07:00 PM,2020,12,10,19,46.7,129,Unhealthy for Sensitive Groups,42.0,UG/M3,1 Hr,Valid
Kuwait City,PM2.5 - Principal,2020-12-10 08:00 PM,2020,12,10,20,42.8,119,Unhealthy for Sensitive Groups,39.0,UG/M3,1 Hr,Valid
Kuwait City,PM2.5 - Principal,2020-12-10 09:00 PM,2020,12,10,21,38.9,109,Unhealthy for Sensitive Groups,35.0,UG/M3,1 Hr,Valid
Kuwait City,PM2.5 - Principal,2020-12-10 10:00 PM,2020,12,10,22,39.9,112,Unhealthy for Sensitive Groups,41.0,UG/M3,1 Hr,Valid
Kuwait City,PM2.5 - Principal,2020-12-10 11:00 PM,2020,12,10,23,45.4,125,Unhealthy for Sensitive Groups,51.0,UG/M3,1 Hr,Valid
Kuwait City,PM2.5 - Principal,2020-12-11 12:00 AM,2020,12,11,00,40.2,113,Unhealthy for Sensitive Groups,35.0,UG/M3,1 Hr,Valid
Kuwait City,PM2.5 - Principal,2020-12-11 01:00 AM,2020,12,11,01,33.6,96,Moderate,27.0,UG/M3,1 Hr,Valid
Kuwait City,PM2.5 - Principal,2020-12-11 02:00 AM,2020,12,11,02,29.3,87,Moderate,25.0,UG/M3,1 Hr,Valid
Kuwait City,PM2.5 - Principal,2020-12-11 03:00 AM,2020,12,11,03,27.1,83,Moderate,25.0,UG/M3,1 Hr,Valid
Kuwait City,PM2.5 - Principal,2020-12-11 04:00 AM,2020,12,11,04,30.5,90,Moderate,34.0,UG/M3,1 Hr,Valid
Kuwait City,PM2.5 - Principal,2020-12-11 05:00 AM,2020,12,11,05,32.2,93,Moderate,34.0,UG/M3,1 Hr,Valid
Kuwait City,PM2.5 - Principal,2020-12-11 06:00 AM,2020,12,11,06,34.1,97,Moderate,36.0,UG/M3,1 Hr,Valid
Kuwait City,PM2.5 - Principal,2020-12-11 07:00 AM,2020,12,11,07,38.0,107,Unhealthy for Sensitive Groups,42.0,UG/M3,1 Hr,Valid
Kuwait City,PM2.5 - Principal,2020-12-11 08:00 AM,2020,12,11,08,41.0,115,Unhealthy for Sensitive Groups,44.0,UG/M3,1 Hr,Valid
Kuwait City,PM2.5 - Principal,2020-12-11 09:00 AM,2020,12,11,09,44.0,122,Unhealthy for Sensitive Groups,47.0,UG/M3,1 Hr,Valid
Kuwait City,PM2.5 - Principal,2020-12-11 10:00 AM,2020,12,11,10,46.0,127,Unhealthy for Sensitive Groups,48.0,UG/M3,1 Hr,Valid
Kuwait City,PM2.5 - Principal,2020-12-11 11:00 AM,2020,12,11,11,43.9,122,Unhealthy for Sensitive Groups,42.0,UG/M3,1 Hr,Valid
Kuwait City,PM2.5 - Principal,2020-12-11 12:00 PM,2020,12,11,12,46.4,128,Unhealthy for Sensitive Groups,49.0,UG/M3,1 Hr,Valid
Kuwait City,PM2.5 - Principal,2020-12-11 01:00 PM,2020,12,11,13,43.2,120,Unhealthy for Sensitive Groups,40.0,UG/M3,1 Hr,Valid
Kuwait City,PM2.5 - Principal,2020-12-11 02:00 PM,2020,12,11,14,45.6,126,Unhealthy for Sensitive Groups,48.0,UG/M3,1 Hr,Valid
Kuwait City,PM2.5 - Principal,2020-12-11 03:00 PM,2020,12,11,15,41.8,117,Unhealthy for Sensitive Groups,35.0,UG/M3,1 Hr,Valid
Kuwait City,PM2.5 - Principal,2020-12-11 04:00 PM,2020,12,11,16,41.6,116,Unhealthy for Sensitive Groups,41.0,UG/M3,1 Hr,Valid
Kuwait City,PM2.5 - Principal,2020-12-11 05:00 PM,2020,12,11,17,37.5,106,Unhealthy for Sensitive Groups,31.0,UG/M3,1 Hr,Valid
Kuwait City,PM2.5 - Principal,2020-12-11 06:00 PM,2020,12,11,18,31.4,92,Moderate,26.0,UG/M3,1 Hr,Valid
Kuwait City,PM2.5 - Principal,2020-12-11 07:00 PM,2020,12,11,19,30.2,89,Moderate,29.0,UG/M3,1 Hr,Valid
Kuwait City,PM2.5 - Principal,2020-12-11 08:00 PM,2020,12,11,20,25.4,79,Moderate,21.0,UG/M3,1 Hr,Valid
Kuwait City,PM2.5 - Principal,2020-12-11 09:00 PM,2020,12,11,21,21.2,70,Moderate,17.0,UG/M3,1 Hr,Valid
Kuwait City,PM2.5 - Principal,2020-12-11 10:00 PM,2020,12,11,22,16.6,60,Moderate,12.0,UG/M3,1 Hr,Valid
Kuwait City,PM2.5 - Principal,2020-12-11 11:00 PM,2020,12,11,23,19.3,66,Moderate,22.0,UG/M3,1 Hr,Valid
Kuwait City,PM2.5 - Principal,2020-12-12 12:00 AM,2020,12,12,00,20.1,68,Moderate,21.0,UG/M3,1 Hr,Valid
Kuwait City,PM2.5 - Principal,2020-12-12 01:00 AM,2020,12,12,01,18.5,64,Moderate,17.0,UG/M3,1 Hr,Valid
Kuwait City,PM2.5 - Principal,2020-12-12 02:00 AM,2020,12,12,02,22.7,73,Moderate,27.0,UG/M3,1 Hr,Valid
Kuwait City,PM2.5 - Principal,2020-12-12 03:00 AM,2020,12,12,03,21.8,71,Moderate,21.0,UG/M3,1 Hr,Valid
Kuwait City,PM2.5 - Principal,2020-12-12 04:00 AM,2020,12,12,04,19.4,66,Moderate,17.0,UG/M3,1 Hr,Valid
Kuwait City,PM2.5 - Principal,2020-12-12 05:00 AM,2020,12,12,05,18.7,65,Moderate,18.0,UG/M3,1 Hr,Valid
Kuwait City,PM2.5 - Principal,2020-12-12 06:00 AM,2020,12,12,06,19.3,66,Moderate,20.0,UG/M3,1 Hr,Valid
Kuwait City,PM2.5 - Principal,2020-12-12 07:00 AM,2020,12,12,07,22.6,73,Moderate,26.0,UG/M3,1 Hr,Valid
Kuwait City,PM2.5 - Principal,2020-12-12 08:00 AM,2020,12,12,08,24.3,77,Moderate,26.0,UG/M3,1 Hr,Valid
Kuwait City,PM2.5 - Principal,2020-12-12 09:00 AM,2020,12,12,09,26.1,80,Moderate,28.0,UG/M3,1 Hr,Valid
Kuwait City,PM2.5 - Principal,2020-12-12 10:00 AM,2020,12,12,10,26.0,80,Moderate,27.0,UG/M3,1 Hr,Valid
Kuwait City,PM2.5 - Principal,2020-12-12 11:00 AM,2020,12,12,11,29.0,87,Moderate,32.0,UG/M3,1 Hr,Valid
Kuwait City,PM2.5 - Principal,2020-12-12 12:00 PM,2020,12,12,12,31.0,91,Moderate,33.0,UG/M3,1 Hr,Valid
Kuwait City,PM2.5 - Principal,2020-12-12 01:00 PM,2020,12,12,13,31.0,91,Moderate,31.0,UG/M3,1 Hr,Valid
Kuwait City,PM2.5 - Principal,2020-12-12 02:00 PM,2020,12,12,14,29.0,87,Moderate,27.0,UG/M3,1 Hr,Valid
Kuwait City,PM2.5 - Principal,2020-12-12 03:00 PM,2020,12,12,15,29.0,87,Moderate,29.0,UG/M3,1 Hr,Valid
Kuwait City,PM2.5 - Principal,2020-12-12 04:00 PM,2020,12,12,16,29.0,87,Moderate,29.0,UG/M3,1 Hr,Valid
Kuwait City,PM2.5 - Principal,2020-12-12 05:00 PM,2020,12,12,17,25.8,80,Moderate,21.0,UG/M3,1 Hr,Valid
Kuwait City,PM2.5 - Principal,2020-12-12 06:00 PM,2020,12,12,18,22.8,74,Moderate,19.0,UG/M3,1 Hr,Valid
Kuwait City,PM2.5 - Principal,2020-12-12 07:00 PM,2020,12,12,19,19.0,66,Moderate,16.0,UG/M3,1 Hr,Valid
Kuwait City,PM2.5 - Principal,2020-12-12 08:00 PM,2020,12,12,20,19.4,66,Moderate,20.0,UG/M3,1 Hr,Valid
Kuwait City,PM2.5 - Principal,2020-12-12 09:00 PM,2020,12,12,21,21.2,70,Moderate,23.0,UG/M3,1 Hr,Valid
Kuwait City,PM2.5 - Principal,2020-12-12 10:00 PM,2020,12,12,22,24.6,77,Moderate,28.0,UG/M3,1 Hr,Valid
Kuwait City,PM2.5 - Principal,2020-12-12 11:00 PM,2020,12,12,23,25.8,80,Moderate,27.0,UG/M3,1 Hr,Valid
Kuwait City,PM2.5 - Principal,2020-12-13 12:00 AM,2020,12,13,00,26.8,82,Moderate,28.0,UG/M3,1 Hr,Valid
Kuwait City,PM2.5 - Principal,2020-12-13 01:00 AM,2020,12,13,01,24.9,78,Moderate,23.0,UG/M3,1 Hr,Valid
Kuwait City,PM2.5 - Principal,2020-12-13 02:00 AM,2020,12,13,02,26.7,82,Moderate,29.0,UG/M3,1 Hr,Valid
Kuwait City,PM2.5 - Principal,2020-12-13 03:00 AM,2020,12,13,03,28.3,85,Moderate,30.0,UG/M3,1 Hr,Valid
Kuwait City,PM2.5 - Principal,2020-12-13 04:00 AM,2020,12,13,04,35.2,100,Moderate,42.0,UG/M3,1 Hr,Valid
Kuwait City,PM2.5 - Principal,2020-12-13 05:00 AM,2020,12,13,05,39.6,111,Unhealthy for Sensitive Groups,44.0,UG/M3,1 Hr,Valid
Kuwait City,PM2.5 - Principal,2020-12-13 06:00 AM,2020,12,13,06,40.3,113,Unhealthy for Sensitive Groups,41.0,UG/M3,1 Hr,Valid
Kuwait City,PM2.5 - Principal,2020-12-13 07:00 AM,2020,12,13,07,40.1,112,Unhealthy for Sensitive Groups,40.0,UG/M3,1 Hr,Valid
Kuwait City,PM2.5 - Principal,2020-12-13 08:00 AM,2020,12,13,08,40.0,112,Unhealthy for Sensitive Groups,40.0,UG/M3,1 Hr,Valid
Kuwait City,PM2.5 - Principal,2020-12-13 09:00 AM,2020,12,13,09,41.9,117,Unhealthy for Sensitive Groups,44.0,UG/M3,1 Hr,Valid
Kuwait City,PM2.5 - Principal,2020-12-13 10:00 AM,2020,12,13,10,46.0,127,Unhealthy for Sensitive Groups,50.0,UG/M3,1 Hr,Valid
Kuwait City,PM2.5 - Principal,2020-12-13 11:00 AM,2020,12,13,11,46.0,127,Unhealthy for Sensitive Groups,46.0,UG/M3,1 Hr,Valid
Kuwait City,PM2.5 - Principal,2020-12-13 12:00 PM,2020,12,13,12,44.5,123,Unhealthy for Sensitive Groups,43.0,UG/M3,1 Hr,Valid
Kuwait City,PM2.5 - Principal,2020-12-13 01:00 PM,2020,12,13,13,43.4,120,Unhealthy for Sensitive Groups,42.0,UG/M3,1 Hr,Valid
Kuwait City,PM2.5 - Principal,2020-12-13 02:00 PM,2020,12,13,14,42.0,117,Unhealthy for Sensitive Groups,40.0,UG/M3,1 Hr,Valid
Kuwait City,PM2.5 - Principal,2020-12-13 03:00 PM,2020,12,13,15,40.2,113,Unhealthy for Sensitive Groups,35.0,UG/M3,1 Hr,Valid
Kuwait City,PM2.5 - Principal,2020-12-13 04:00 PM,2020,12,13,16,33.3,96,Moderate,27.0,UG/M3,1 Hr,Valid
Kuwait City,PM2.5 - Principal,2020-12-13 05:00 PM,2020,12,13,17,31.3,91,Moderate,29.0,UG/M3,1 Hr,Valid
Kuwait City,PM2.5 - Principal,2020-12-13 06:00 PM,2020,12,13,18,31.6,92,Moderate,32.0,UG/M3,1 Hr,Valid
Kuwait City,PM2.5 - Principal,2020-12-13 07:00 PM,2020,12,13,19,31.3,91,Moderate,31.0,UG/M3,1 Hr,Valid
Kuwait City,PM2.5 - Principal,2020-12-13 08:00 PM,2020,12,13,20,29.3,87,Moderate,27.0,UG/M3,1 Hr,Valid
Kuwait City,PM2.5 - Principal,2020-12-13 09:00 PM,2020,12,13,21,30.0,89,Moderate,31.0,UG/M3,1 Hr,Valid
Kuwait City,PM2.5 - Principal,2020-12-13 10:00 PM,2020,12,13,22,28.3,85,Moderate,26.0,UG/M3,1 Hr,Valid
Kuwait City,PM2.5 - Principal,2020-12-13 11:00 PM,2020,12,13,23,26.9,82,Moderate,25.0,UG/M3,1 Hr,Valid
Kuwait City,PM2.5 - Principal,2020-12-14 12:00 AM,2020,12,14,00,26.6,81,Moderate,26.0,UG/M3,1 Hr,Valid
Kuwait City,PM2.5 - Principal,2020-12-14 01:00 AM,2020,12,14,01,26.8,82,Moderate,27.0,UG/M3,1 Hr,Valid
Kuwait City,PM2.5 - Principal,2020-12-14 02:00 AM,2020,12,14,02,28.8,86,Moderate,33.0,UG/M3,1 Hr,Valid
Kuwait City,PM2.5 - Principal,2020-12-14 03:00 AM,2020,12,14,03,30.1,89,Moderate,34.0,UG/M3,1 Hr,Valid
Kuwait City,PM2.5 - Principal,2020-12-14 04:00 AM,2020,12,14,04,32.6,94,Moderate,37.0,UG/M3,1 Hr,Valid
Kuwait City,PM2.5 - Principal,2020-12-14 05:00 AM,2020,12,14,05,33.1,95,Moderate,34.0,UG/M3,1 Hr,Valid
Kuwait City,PM2.5 - Principal,2020-12-14 06:00 AM,2020,12,14,06,34.0,97,Moderate,36.0,UG/M3,1 Hr,Valid
Kuwait City,PM2.5 - Principal,2020-12-14 07:00 AM,2020,12,14,07,34.0,97,Moderate,34.0,UG/M3,1 Hr,Valid
Kuwait City,PM2.5 - Principal,2020-12-14 08:00 AM,2020,12,14,08,35.0,99,Moderate,37.0,UG/M3,1 Hr,Valid
Kuwait City,PM2.5 - Principal,2020-12-14 09:00 AM,2020,12,14,09,36.1,102,Unhealthy for Sensitive Groups,38.0,UG/M3,1 Hr,Valid
Kuwait City,PM2.5 - Principal,2020-12-14 10:00 AM,2020,12,14,10,43.9,122,Unhealthy for Sensitive Groups,51.0,UG/M3,1 Hr,Valid
Kuwait City,PM2.5 - Principal,2020-12-14 11:00 AM,2020,12,14,11,49.4,135,Unhealthy for Sensitive Groups,55.0,UG/M3,1 Hr,Valid
Kuwait City,PM2.5 - Principal,2020-12-14 12:00 PM,2020,12,14,12,57.2,152,Unhealthy,65.0,UG/M3,1 Hr,Valid
Kuwait City,PM2.5 - Principal,2020-12-14 01:00 PM,2020,12,14,13,58.5,153,Unhealthy,60.0,UG/M3,1 Hr,Valid
Kuwait City,PM2.5 - Principal,2020-12-14 02:00 PM,2020,12,14,14,57.1,152,Unhealthy,56.0,UG/M3,1 Hr,Valid
Kuwait City,PM2.5 - Principal,2020-12-14 03:00 PM,2020,12,14,15,55.1,149,Unhealthy for Sensitive Groups,53.0,UG/M3,1 Hr,Valid
Kuwait City,PM2.5 - Principal,2020-12-14 04:00 PM,2020,12,14,16,55.1,149,Unhealthy for Sensitive Groups,55.0,UG/M3,1 Hr,Valid
Kuwait City,PM2.5 - Principal,2020-12-14 05:00 PM,2020,12,14,17,51.7,141,Unhealthy for Sensitive Groups,48.0,UG/M3,1 Hr,Valid
Kuwait City,PM2.5 - Principal,2020-12-14 06:00 PM,2020,12,14,18,51.8,141,Unhealthy for Sensitive Groups,52.0,UG/M3,1 Hr,Valid
Kuwait City,PM2.5 - Principal,2020-12-14 07:00 PM,2020,12,14,19,47.7,131,Unhealthy for Sensitive Groups,42.0,UG/M3,1 Hr,Valid
Kuwait City,PM2.5 - Principal,2020-12-14 08:00 PM,2020,12,14,20,48.7,134,Unhealthy for Sensitive Groups,50.0,UG/M3,1 Hr,Valid
Kuwait City,PM2.5 - Principal,2020-12-14 09:00 PM,2020,12,14,21,49.8,136,Unhealthy for Sensitive Groups,51.0,UG/M3,1 Hr,Valid
Kuwait City,PM2.5 - Principal,2020-12-14 10:00 PM,2020,12,14,22,52.7,143,Unhealthy for Sensitive Groups,58.0,UG/M3,1 Hr,Valid
Kuwait City,PM2.5 - Principal,2020-12-14 11:00 PM,2020,12,14,23,56.7,152,Unhealthy,64.0,UG/M3,1 Hr,Valid
Kuwait City,PM2.5 - Principal,2020-12-15 12:00 AM,2020,12,15,00,60.2,153,Unhealthy,66.0,UG/M3,1 Hr,Valid
Kuwait City,PM2.5 - Principal,2020-12-15 01:00 AM,2020,12,15,01,72.5,160,Unhealthy,83.0,UG/M3,1 Hr,Valid
Kuwait City,PM2.5 - Principal,2020-12-15 02:00 AM,2020,12,15,02,77.7,162,Unhealthy,83.0,UG/M3,1 Hr,Valid
Kuwait City,PM2.5 - Principal,2020-12-15 03:00 AM,2020,12,15,03,73.4,160,Unhealthy,69.0,UG/M3,1 Hr,Valid
Kuwait City,PM2.5 - Principal,2020-12-15 04:00 AM,2020,12,15,04,75.6,161,Unhealthy,78.0,UG/M3,1 Hr,Valid
Kuwait City,PM2.5 - Principal,2020-12-15 05:00 AM,2020,12,15,05,71.8,159,Unhealthy,68.0,UG/M3,1 Hr,Valid
Kuwait City,PM2.5 - Principal,2020-12-15 06:00 AM,2020,12,15,06,68.9,158,Unhealthy,66.0,UG/M3,1 Hr,Valid
Kuwait City,PM2.5 - Principal,2020-12-15 07:00 AM,2020,12,15,07,69.4,158,Unhealthy,69.0,UG/M3,1 Hr,Valid
Kuwait City,PM2.5 - Principal,2020-12-15 08:00 AM,2020,12,15,08,68.9,158,Unhealthy,68.0,UG/M3,1 Hr,Valid
Kuwait City,PM2.5 - Principal,2020-12-15 09:00 AM,2020,12,15,09,69.6,158,Unhealthy,70.0,UG/M3,1 Hr,Valid
Kuwait City,PM2.5 - Principal,2020-12-15 10:00 AM,2020,12,15,10,68.2,158,Unhealthy,63.0,UG/M3,1 Hr,Valid
Kuwait City,PM2.5 - Principal,2020-12-15 11:00 AM,2020,12,15,11,61.9,154,Unhealthy,53.0,UG/M3,1 Hr,Valid
Kuwait City,PM2.5 - Principal,2020-12-15 12:00 PM,2020,12,15,12,61.9,154,Unhealthy,62.0,UG/M3,1 Hr,Valid
Kuwait City,PM2.5 - Principal,2020-12-15 01:00 PM,2020,12,15,13,58.1,152,Unhealthy,52.0,UG/M3,1 Hr,Valid
Kuwait City,PM2.5 - Principal,2020-12-15 02:00 PM,2020,12,15,14,47.6,131,Unhealthy for Sensitive Groups,39.0,UG/M3,1 Hr,Valid
Kuwait City,PM2.5 - Principal,2020-12-15 03:00 PM,2020,12,15,15,41.3,115,Unhealthy for Sensitive Groups,35.0,UG/M3,1 Hr,Valid
Kuwait City,PM2.5 - Principal,2020-12-15 04:00 PM,2020,12,15,16,41.6,116,Unhealthy for Sensitive Groups,42.0,UG/M3,1 Hr,Valid
Kuwait City,PM2.5 - Principal,2020-12-15 05:00 PM,2020,12,15,17,42.3,118,Unhealthy for Sensitive Groups,43.0,UG/M3,1 Hr,Valid
Kuwait City,PM2.5 - Principal,2020-12-15 06:00 PM,2020,12,15,18,40.6,114,Unhealthy for Sensitive Groups,39.0,UG/M3,1 Hr,Valid
Kuwait City,PM2.5 - Principal,2020-12-15 07:00 PM,2020,12,15,19,43.8,121,Unhealthy for Sensitive Groups,47.0,UG/M3,1 Hr,Valid
Kuwait City,PM2.5 - Principal,2020-12-15 08:00 PM,2020,12,15,20,42.4,118,Unhealthy for Sensitive Groups,41.0,UG/M3,1 Hr,Valid
Kuwait City,PM2.5 - Principal,2020-12-15 09:00 PM,2020,12,15,21,40.4,113,Unhealthy for Sensitive Groups,38.0,UG/M3,1 Hr,Valid
Kuwait City,PM2.5 - Principal,2020-12-15 10:00 PM,2020,12,15,22,38.5,108,Unhealthy for Sensitive Groups,36.0,UG/M3,1 Hr,Valid
Kuwait City,PM2.5 - Principal,2020-12-15 11:00 PM,2020,12,15,23,40.0,112,Unhealthy for Sensitive Groups,42.0,UG/M3,1 Hr,Valid
Kuwait City,PM2.5 - Principal,2020-12-16 12:00 AM,2020,12,16,00,41.7,116,Unhealthy for Sensitive Groups,45.0,UG/M3,1 Hr,Valid
Kuwait City,PM2.5 - Principal,2020-12-16 01:00 AM,2020,12,16,01,42.0,117,Unhealthy for Sensitive Groups,44.0,UG/M3,1 Hr,Valid
Kuwait City,PM2.5 - Principal,2020-12-16 02:00 AM,2020,12,16,02,42.8,119,Unhealthy for Sensitive Groups,45.0,UG/M3,1 Hr,Valid
Kuwait City,PM2.5 - Principal,2020-12-16 03:00 AM,2020,12,16,03,41.4,116,Unhealthy for Sensitive Groups,37.0,UG/M3,1 Hr,Valid
Kuwait City,PM2.5 - Principal,2020-12-16 04:00 AM,2020,12,16,04,42.0,117,Unhealthy for Sensitive Groups,44.0,UG/M3,1 Hr,Valid
Kuwait City,PM2.5 - Principal,2020-12-16 05:00 AM,2020,12,16,05,40.2,113,Unhealthy for Sensitive Groups,35.0,UG/M3,1 Hr,Valid
Kuwait City,PM2.5 - Principal,2020-12-16 06:00 AM,2020,12,16,06,38.3,108,Unhealthy for Sensitive Groups,34.0,UG/M3,1 Hr,Valid
Kuwait City,PM2.5 - Principal,2020-12-16 07:00 AM,2020,12,16,07,36.9,104,Unhealthy for Sensitive Groups,33.0,UG/M3,1 Hr,Valid
Kuwait City,PM2.5 - Principal,2020-12-16 08:00 AM,2020,12,16,08,33.4,96,Moderate,29.0,UG/M3,1 Hr,Valid
Kuwait City,PM2.5 - Principal,2020-12-16 09:00 AM,2020,12,16,09,34.3,98,Moderate,36.0,UG/M3,1 Hr,Valid
Kuwait City,PM2.5 - Principal,2020-12-16 10:00 AM,2020,12,16,10,33.8,97,Moderate,33.0,UG/M3,1 Hr,Valid
Kuwait City,PM2.5 - Principal,2020-12-16 11:00 AM,2020,12,16,11,33.1,95,Moderate,32.0,UG/M3,1 Hr,Valid
Kuwait City,PM2.5 - Principal,2020-12-16 12:00 PM,2020,12,16,12,33.0,95,Moderate,33.0,UG/M3,1 Hr,Valid
Kuwait City,PM2.5 - Principal,2020-12-16 01:00 PM,2020,12,16,13,31.1,91,Moderate,28.0,UG/M3,1 Hr,Valid
Kuwait City,PM2.5 - Principal,2020-12-16 02:00 PM,2020,12,16,14,29.4,87,Moderate,27.0,UG/M3,1 Hr,Valid
Kuwait City,PM2.5 - Principal,2020-12-16 03:00 PM,2020,12,16,15,29.2,87,Moderate,29.0,UG/M3,1 Hr,Valid
Kuwait City,PM2.5 - Principal,2020-12-16 04:00 PM,2020,12,16,16,54.9,149,Unhealthy for Sensitive Groups,81.0,UG/M3,1 Hr,Valid
Kuwait City,PM2.5 - Principal,2020-12-16 05:00 PM,2020,12,16,17,67.9,157,Unhealthy,81.0,UG/M3,1 Hr,Valid
Kuwait City,PM2.5 - Principal,2020-12-16 06:00 PM,2020,12,16,18,53.4,145,Unhealthy for Sensitive Groups,39.0,UG/M3,1 Hr,Valid
Kuwait City,PM2.5 - Principal,2020-12-16 07:00 PM,2020,12,16,19,47.7,131,Unhealthy for Sensitive Groups,42.0,UG/M3,1 Hr,Valid
Kuwait City,PM2.5 - Principal,2020-12-16 08:00 PM,2020,12,16,20,50.8,139,Unhealthy for Sensitive Groups,54.0,UG/M3,1 Hr,Valid
Kuwait City,PM2.5 - Principal,2020-12-16 09:00 PM,2020,12,16,21,59.9,153,Unhealthy,69.0,UG/M3,1 Hr,Valid
Kuwait City,PM2.5 - Principal,2020-12-16 10:00 PM,2020,12,16,22,62.4,155,Unhealthy,65.0,UG/M3,1 Hr,Valid
Kuwait City,PM2.5 - Principal,2020-12-16 11:00 PM,2020,12,16,23,62.2,154,Unhealthy,62.0,UG/M3,1 Hr,Valid
Kuwait City,PM2.5 - Principal,2020-12-17 12:00 AM,2020,12,17,00,58.1,152,Unhealthy,54.0,UG/M3,1 Hr,Valid
Kuwait City,PM2.5 - Principal,2020-12-17 01:00 AM,2020,12,17,01,53.0,144,Unhealthy for Sensitive Groups,48.0,UG/M3,1 Hr,Valid
Kuwait City,PM2.5 - Principal,2020-12-17 02:00 AM,2020,12,17,02,49.5,135,Unhealthy for Sensitive Groups,46.0,UG/M3,1 Hr,Valid
Kuwait City,PM2.5 - Principal,2020-12-17 03:00 AM,2020,12,17,03,46.7,129,Unhealthy for Sensitive Groups,44.0,UG/M3,1 Hr,Valid
Kuwait City,PM2.5 - Principal,2020-12-17 04:00 AM,2020,12,17,04,52.3,142,Unhealthy for Sensitive Groups,58.0,UG/M3,1 Hr,Valid
Kuwait City,PM2.5 - Principal,2020-12-17 05:00 AM,2020,12,17,05,49.0,134,Unhealthy for Sensitive Groups,45.0,UG/M3,1 Hr,Valid
Kuwait City,PM2.5 - Principal,2020-12-17 06:00 AM,2020,12,17,06,42.6,118,Unhealthy for Sensitive Groups,36.0,UG/M3,1 Hr,Valid
Kuwait City,PM2.5 - Principal,2020-12-17 07:00 AM,2020,12,17,07,37.6,106,Unhealthy for Sensitive Groups,33.0,UG/M3,1 Hr,Valid
Kuwait City,PM2.5 - Principal,2020-12-17 08:00 AM,2020,12,17,08,36.8,104,Unhealthy for Sensitive Groups,36.0,UG/M3,1 Hr,Valid
Kuwait City,PM2.5 - Principal,2020-12-17 09:00 AM,2020,12,17,09,40.3,113,Unhealthy for Sensitive Groups,44.0,UG/M3,1 Hr,Valid
Kuwait City,PM2.5 - Principal,2020-12-17 10:00 AM,2020,12,17,10,40.1,112,Unhealthy for Sensitive Groups,40.0,UG/M3,1 Hr,Valid
Kuwait City,PM2.5 - Principal,2020-12-17 11:00 AM,2020,12,17,11,37.9,107,Unhealthy for Sensitive Groups,35.0,UG/M3,1 Hr,Valid
Kuwait City,PM2.5 - Principal,2020-12-17 12:00 PM,2020,12,17,12,37.9,107,Unhealthy for Sensitive Groups,38.0,UG/M3,1 Hr,Valid
Kuwait City,PM2.5 - Principal,2020-12-17 01:00 PM,2020,12,17,13,36.2,103,Unhealthy for Sensitive Groups,34.0,UG/M3,1 Hr,Valid
Kuwait City,PM2.5 - Principal,2020-12-17 02:00 PM,2020,12,17,14,32.4,94,Moderate,29.0,UG/M3,1 Hr,Valid
Kuwait City,PM2.5 - Principal,2020-12-17 03:00 PM,2020,12,17,15,31.7,92,Moderate,31.0,UG/M3,1 Hr,Valid
Kuwait City,PM2.5 - Principal,2020-12-17 04:00 PM,2020,12,17,16,35.7,101,Unhealthy for Sensitive Groups,41.0,UG/M3,1 Hr,Valid
Kuwait City,PM2.5 - Principal,2020-12-17 05:00 PM,2020,12,17,17,48.1,132,Unhealthy for Sensitive Groups,60.0,UG/M3,1 Hr,Valid
Kuwait City,PM2.5 - Principal,2020-12-17 06:00 PM,2020,12,17,18,46.0,127,Unhealthy for Sensitive Groups,44.0,UG/M3,1 Hr,Valid
Kuwait City,PM2.5 - Principal,2020-12-17 07:00 PM,2020,12,17,19,43.0,119,Unhealthy for Sensitive Groups,40.0,UG/M3,1 Hr,Valid
Kuwait City,PM2.5 - Principal,2020-12-17 08:00 PM,2020,12,17,20,41.0,115,Unhealthy for Sensitive Groups,39.0,UG/M3,1 Hr,Valid
Kuwait City,PM2.5 - Principal,2020-12-17 09:00 PM,2020,12,17,21,38.0,107,Unhealthy for Sensitive Groups,35.0,UG/M3,1 Hr,Valid
Kuwait City,PM2.5 - Principal,2020-12-17 10:00 PM,2020,12,17,22,38.0,107,Unhealthy for Sensitive Groups,38.0,UG/M3,1 Hr,Valid
Kuwait City,PM2.5 - Principal,2020-12-17 11:00 PM,2020,12,17,23,38.0,107,Unhealthy for Sensitive Groups,38.0,UG/M3,1 Hr,Valid
Kuwait City,PM2.5 - Principal,2020-12-18 12:00 AM,2020,12,18,00,44.0,122,Unhealthy for Sensitive Groups,50.0,UG/M3,1 Hr,Valid
